Fund,Maximum Drawdown
axis_bluechip,-0.013923580128646473
hdfc_top_100,-0.4026012761687717
icici_bluechip,-1.0
kotak_bluechip,-0.33429874666118753
nippon_large_cap,-0.3996075381332732
sbi_bluechip,-0.36651701755201316
