Fund,Sharpe
hdfc_top_100,1.1109877307857694
kotak_bluechip,0.6950969369481779
nippon_large_cap,0.5729150426217545
axis_bluechip,0.265456966955413
sbi_bluechip,-0.6775081862757395
icici_bluechip,
