Fund,Sortino Ratio
icici_bluechip,inf
axis_bluechip,648.5282778659317
hdfc_top_100,1.3449716033799726
kotak_bluechip,0.8088528127835641
nippon_large_cap,0.7103088442255334
sbi_bluechip,-0.3836742769490977
